title,author,genre,tags,year_read,date_finished,rating,pages,color,summary,notes
The Design of Everyday Things,Don Norman,Design,ux;psychology,2026,2026-02-14,5,368,#c98b2b,A classic on why products confuse us and how good design makes actions obvious.,Changed how I look at door handles.
Piranesi,Susanna Clarke,Fiction,fantasy;mystery,2026,2026-03-09,5,272,#22333b,A man lives alone in a vast house of endless halls and statues and slowly uncovers who he is.,"Strange, quiet and lovely."
Braiding Sweetgrass,Robin Wall Kimmerer,Nonfiction,nature;essays,2026,2026-04-21,5,391,#3d5a40,Essays weaving Indigenous wisdom and botany into a case for reciprocity with the living world.,
Klara and the Sun,Kazuo Ishiguro,Fiction,ai;literary,2025,2025-11-02,4,303,#c98b2b,An Artificial Friend observes a family and learns what devotion means.,
Atomic Habits,James Clear,Self-help,habits;productivity,2025,2025-08-18,3,320,#b5523b,A practical framework for building small habits that compound.,Useful but repetitive.
The Overstory,Richard Powers,Fiction,nature;literary,2025,2025-06-30,4,502,#6b705c,Nine lives intertwine around trees and the people who fight to protect them.,
Sapiens,Yuval Noah Harari,History,history;anthropology,2025,2025-03-11,4,443,#7a4e2d,A sweeping history of humankind from the cognitive revolution to today.,
Circe,Madeline Miller,Fiction,mythology;fantasy,2026,2026-05-27,5,393,#8c2f39,The witch of Greek myth tells her own story of exile and power.,Couldn't put it down.
Thinking in Systems,Donella Meadows,Nonfiction,systems;science,2026,2026-06-15,4,240,#2f4858,A short primer on feedback loops and why complex systems behave the way they do.,
Tomorrow and Tomorrow and Tomorrow,Gabrielle Zevin,Fiction,games;friendship,2026,2026-07-19,5,416,#5b3a6b,Two friends build video games and a lifelong partnership full of love and rivalry.,
The Pragmatic Programmer,Andrew Hunt; David Thomas,Technology,software;career,2025,2025-05-05,4,352,#37474f,Timeless advice for software craftspeople.,
Educated,Tara Westover,Memoir,memoir;education,2025,2025-01-22,5,334,#a4475a,A woman raised off-grid by survivalists teaches herself enough to reach Cambridge.,
